matrix, time_serial, speedup_csr, speedup_hll
cage4, 0.000250, 0.000031, 0.000031
mhda416, 0.008750, 0.000518, 0.000105
mcfe, 0.024500, 0.001112, 0.000129
olm1000, 0.003750, 0.000394, 0.000021
adder_dcop_32, 0.017500, 0.000238, 0.000044
west2021, 0.008000, 0.000776, 0.000023
cavity10, 0.078500, 0.004048, 0.000117
rdist2, 0.052500, 0.003167, 0.000066
cant, 4.643250, 0.009365, 0.000275
