matrix, time_serial, speedup_csr, speedup_hll
cage4, 0.000500, 0.063323, 0.064499
mhda416, 0.009000, 0.746516, 0.920622
mcfe, 0.037500, 3.156566, 3.567352
olm1000, 0.004250, 0.483394, 0.452899
adder_dcop_32, 0.021500, 0.293973, 1.207323
west2021, 0.008750, 0.844595, 0.879220
cavity10, 0.081000, 3.922898, 5.037313
rdist2, 0.058000, 2.344003, 3.562653
cant, 4.745250, 28.489733, 24.164103
olafu, 1.092000, 21.097372, 16.465621
Cube_Coup_dt0, 145.930250, 33.468644, 29.174100
