matrix, M, N, nz, type, avgTime, avgFlops, avgGFlops, nThreads
cage4.mtx, 9, 9, 49, serial, 0.000250, 391997015.141327, 0.391997, 12
cage4.mtx, 9, 9, 49, CSR, 0.068500, 1430656.981845, 0.001431, 12
cage4.mtx, 9, 9, 49, HLL, 0.065750, 1490494.328046, 0.001490, 12