matrix, M, N, nz, type, avgTime, avgFlops, avgGFlops, nThreads
cage4, 9, 9, 49, serial, 0.000000, inf, inf, 1
cage4, 9, 9, 49, CSR, 0.053250, 1840375.655349, 0.001840, 12
cage4, 9, 9, 49, HLL, 0.083500, 1173652.655228, 0.001174, 12
