matrix, time_serial, speedup_csr, speedup_hll, nThreads
cage4, 0.000241, 0.013928, 0.013454, 40
mhda416, 0.009116, 0.325668, 0.398253, 40
mcfe, 0.028552, 1.231362, 1.046148, 40
olm1000, 0.004035, 0.184748, 0.233404, 40
adder_dcop_32, 0.021148, 0.468670, 0.189606, 40
west2021, 0.008301, 0.328465, 0.427751, 40
cavity10, 0.076854, 1.687147, 1.278986, 40
rdist2, 0.055366, 1.145844, 0.975287, 40
